;Date;N1;N2;N3;N4;N5;E1;E2;Winner;Gain
0;2004-12-24;3;27;29;4;37;6;5;1;10000000
1;2004-12-17;49;22;19;15;46;9;2;1;26215627
2;2004-11-26;24;1;34;4;36;8;6;1;43756502
3;2004-10-22;9;25;1;40;23;3;9;1;25059130
4;2004-01-10;48;20;45;21;12;6;5;1;29785269
5;2004-06-08;5;35;44;15;24;6;5;1;24746858
6;2004-06-18;28;2;40;23;43;6;2;1;12286876
7;2004-04-06;41;42;34;13;9;7;3;1;12488171
8;2004-05-21;37;39;29;15;49;4;9;1;10000000
9;2004-05-14;32;3;1;39;21;2;6;1;33816137
10;2004-09-04;23;19;10;1;4;2;8;1;25556285
11;2004-05-03;39;37;4;7;33;5;1;1;20678070
12;2004-02-13;32;16;29;41;36;9;7;1;15000000
13;2005-11-11;41;16;36;42;15;5;3;1;45117030
14;2005-10-14;10;19;11;23;20;6;1;1;15000000
15;2005-07-10;26;44;21;13;2;3;9;2;15000000
16;2005-09-30;11;50;48;6;47;1;6;4;25066380
17;2005-09-16;19;38;12;13;21;3;9;1;75888514
18;2005-07-29;50;3;19;49;26;5;4;1;115436126
19;2005-05-20;28;6;47;7;13;8;5;1;43020745
20;2005-04-22;13;10;24;47;3;9;5;2;23749558
21;2005-08-04;31;50;25;11;7;3;1;1;64040749
22;2005-02-18;32;46;20;21;26;8;9;1;10000000
23;2005-11-02;11;13;25;32;50;7;4;1;34776948
24;2005-01-14;11;14;29;6;19;3;1;2;26007362
25;2006-12-29;14;9;6;13;35;3;4;0;66983488
26;2006-12-22;20;11;43;9;38;2;3;0;53119776
27;2006-12-15;35;37;9;42;23;3;7;0;39640847
28;2006-08-12;47;36;17;16;18;1;2;0;26982938
29;2006-01-12;16;37;8;41;4;2;5;0;15000000
30;2006-11-24;8;5;40;25;17;5;1;2;15000000
31;2006-11-17;36;12;33;22;32;2;6;0;183109057
32;2006-10-11;36;30;14;27;21;2;3;0;153564446
33;2006-03-11;13;11;44;24;49;9;3;0;131523150
34;2006-10-27;3;50;44;4;8;8;7;0;113230830
35;2006-10-20;10;34;47;19;45;6;3;0;96837646
36;2006-10-13;2;32;38;41;25;5;3;0;82724345
37;2006-06-10;5;35;11;22;38;7;8;0;69208821
38;2006-09-29;1;3;24;6;18;5;8;0;59132969
39;2006-09-22;30;45;49;29;10;8;3;0;47213250
40;2006-09-15;10;49;26;6;16;7;9;0;35980458
41;2006-08-09;12;10;32;33;1;8;1;0;25256582
42;2006-01-09;25;50;7;45;3;9;6;0;15000000
43;2006-08-25;47;10;28;48;40;8;6;1;57414511
44;2006-08-18;37;40;50;12;39;1;2;0;45929071
45;2006-11-08;47;31;46;28;27;5;2;0;35197614
46;2006-04-08;26;15;32;14;1;7;3;0;24977577
47;2006-07-28;3;43;29;8;12;6;7;0;15000000
48;2006-07-21;50;4;38;2;9;8;6;1;25042525
49;2006-07-14;1;31;7;17;36;8;2;0;15000000
50;2006-07-07;35;9;7;43;18;7;5;2;68408266
51;2006-06-30;16;6;15;40;43;1;2;0;58765947
52;2006-06-23;44;30;9;21;43;9;1;0;46811687
53;2006-06-16;26;36;1;16;30;9;3;0;35662152
54;2006-09-06;3;34;39;15;12;4;6;0;25187106
55;2006-02-06;41;7;48;27;8;6;1;0;15000000
56;2006-05-26;21;41;12;2;49;3;7;2;15000000
57;2006-05-19;49;34;25;3;5;8;5;1;15000000
58;2006-12-05;23;5;20;34;50;1;5;2;25640375
59;2006-05-05;8;50;16;4;14;9;3;0;15000000
60;2006-04-28;17;5;33;22;10;7;5;4;25811931
61;2006-04-21;46;1;22;20;37;1;9;0;15000000
62;2006-04-14;34;35;26;16;49;6;2;1;25915863
63;2006-07-04;13;12;29;50;44;4;5;0;15000000
64;2006-03-31;50;3;45;20;31;7;6;1;75753123
65;2006-03-24;17;47;28;33;35;4;9;0;65117842
66;2006-03-17;50;44;5;45;32;7;1;0;51865203
67;2006-10-03;1;33;21;45;49;4;8;0;39080314
68;2006-03-03;5;44;10;8;3;3;5;0;26842720
69;2006-02-24;18;19;1;47;11;7;3;0;15000000
70;2006-02-17;4;23;38;24;26;4;2;1;27813382
71;2006-10-02;5;38;6;48;50;6;7;0;15000000
72;2006-03-02;30;39;9;21;50;3;1;3;183573077
73;2006-01-27;9;21;15;40;49;4;1;0;152882223
74;2007-12-28;45;31;20;22;21;9;7;0;15000000
75;2007-12-21;37;7;44;28;9;7;6;1;27716872
76;2007-12-14;8;30;36;25;44;4;3;0;15000000
77;2007-07-12;48;43;4;2;32;1;7;1;27552424
78;2007-11-30;38;20;12;19;30;9;7;0;15000000
79;2007-11-23;22;2;48;29;10;9;3;1;27375964
80;2007-11-16;23;18;33;37;9;1;8;0;15000000
81;2007-09-11;14;25;36;5;22;6;5;2;15000000
82;2007-02-11;40;16;3;19;18;2;1;1;41136124
83;2007-10-26;20;7;38;40;43;8;1;0;27610682
84;2007-10-19;7;18;34;35;40;7;8;0;15000000
85;2007-12-10;36;47;21;32;46;3;4;2;15000000
86;2007-05-10;20;27;35;44;11;5;2;5;15000000
87;2007-09-28;22;34;44;30;35;4;5;0;130000000
88;2007-09-21;35;37;17;1;32;8;1;1;27247062
89;2007-09-14;33;29;5;9;11;7;9;0;15000000
90;2007-07-09;42;3;34;2;33;5;3;1;15000000
91;2007-08-31;22;37;23;18;6;6;5;1;39496528
92;2007-08-24;16;3;42;1;48;2;3;0;26677818
93;2007-08-17;2;13;42;3;38;7;8;0;15000000
94;2007-10-08;40;43;49;42;23;6;2;1;52630236
95;2007-03-08;41;33;37;30;10;1;8;0;39185012
96;2007-07-27;4;29;21;1;41;8;7;0;27731341
97;2007-07-20;50;26;10;21;25;9;4;0;15000000
98;2007-07-13;13;9;31;15;48;6;3;1;56945074
99;2007-06-07;39;41;4;19;5;9;8;0;39898280
100;2007-06-29;28;8;33;45;12;1;3;0;26816658
101;2007-06-22;22;17;16;11;34;5;6;0;15000000
102;2007-06-15;5;14;40;7;21;3;8;1;26938896
103;2007-08-06;15;17;25;45;1;8;2;0;15000000
104;2007-01-06;22;41;42;37;6;6;9;1;15000000
105;2007-05-25;49;26;50;29;25;8;7;1;15000000
106;2007-05-18;49;37;34;26;39;2;6;1;15000000
107;2007-11-05;12;26;49;7;29;6;2;3;53347664
108;2007-04-05;17;41;35;6;45;1;5;0;39605256
109;2007-04-27;44;18;7;36;27;1;2;0;26851565
110;2007-04-20;41;26;32;45;23;3;7;0;15000000
111;2007-04-13;20;41;38;7;25;3;7;1;15000000
112;2007-06-04;41;48;29;23;15;6;3;1;26945909
113;2007-03-30;19;9;46;17;41;1;8;0;15000000
114;2007-03-23;43;17;5;40;13;3;1;1;41023864
115;2007-03-16;45;4;31;49;14;9;4;0;27699321
116;2007-09-03;43;25;3;2;48;9;6;0;15000000
117;2007-02-03;3;16;48;34;38;8;5;2;42201702
118;2007-02-23;20;2;22;18;15;5;2;0;28224030
119;2007-02-16;19;39;20;50;8;6;9;0;15000000
120;2007-09-02;36;16;46;30;14;8;2;1;100000000
121;2007-02-02;36;14;27;23;30;1;6;1;27173863
122;2007-01-26;38;11;23;15;30;4;9;0;15000000
123;2007-01-19;27;5;13;33;42;4;2;1;15000000
124;2007-12-01;14;8;25;19;11;3;5;1;15000000
125;2007-05-01;17;45;36;29;19;6;5;2;78312155
126;2008-12-26;44;26;2;1;50;1;7;0;26758047
127;2008-12-19;29;50;46;28;40;5;7;0;15000000
128;2008-12-12;2;19;42;28;49;7;2;2;15000000
129;2008-05-12;35;8;21;45;4;5;8;1;15000000
130;2008-11-28;8;25;11;41;16;4;2;1;28044446
131;2008-11-21;50;49;21;9;14;8;3;0;15000000
132;2008-11-14;14;26;10;8;21;4;3;1;15000000
133;2008-07-11;9;1;17;12;18;3;4;1;15000000
134;2008-10-31;34;25;3;41;18;5;2;2;42831306
135;2008-10-24;45;7;15;16;17;6;9;0;28282482
136;2008-10-17;50;12;10;3;42;1;5;0;15000000
137;2008-10-10;15;31;22;4;41;6;1;1;29068081
138;2008-03-10;4;38;13;19;23;2;3;0;15000000
139;2008-09-26;31;29;33;14;37;2;1;0;130000000
140;2008-09-19;14;16;19;31;20;9;6;0;15000000
141;2008-12-09;23;33;37;19;50;7;3;1;15000000
142;2008-05-09;17;12;39;16;7;3;8;2;119349706
143;2008-08-29;2;20;37;25;39;8;5;0;91223351
144;2008-08-22;50;27;29;39;7;7;5;0;70754953
145;2008-08-15;18;11;17;26;31;6;5;0;54127607
146;2008-08-08;15;5;16;45;4;7;4;0;40358795
147;2008-01-08;25;40;22;50;1;1;8;0;27010082
148;2008-07-25;29;7;15;24;11;7;2;0;15000000
149;2008-07-18;16;14;44;10;29;6;5;1;15000000
150;2008-11-07;37;19;11;13;9;3;4;1;15000000
151;2008-04-07;19;22;48;7;27;7;5;1;15000000
152;2008-06-27;20;44;5;50;26;5;7;1;58278337
153;2008-06-20;11;8;36;37;45;3;5;0;43334864
154;2008-06-13;16;37;44;50;13;9;1;0;29947069
155;2008-06-06;21;40;19;50;7;2;9;0;15000000
156;2008-05-30;14;20;49;7;5;8;2;1;15000000
157;2008-05-23;5;38;9;19;21;1;7;4;15000000
158;2008-05-16;6;38;9;25;15;4;9;1;55609411
159;2008-09-05;8;9;42;40;45;7;6;0;40624869
160;2008-02-05;26;48;45;37;2;8;4;0;27290983
161;2008-04-25;4;30;26;19;27;8;3;0;15000000
162;2008-04-18;27;6;7;50;3;5;9;1;58367681
163;2008-11-04;50;30;25;45;6;5;7;0;42346692
164;2008-04-04;18;37;47;13;11;6;1;0;28004694
165;2008-03-28;39;9;29;5;17;3;6;0;15000000
166;2008-03-21;10;2;22;18;36;6;4;1;15000000
167;2008-03-14;13;48;35;21;25;4;8;1;28239959
168;2008-07-03;14;17;7;35;2;6;1;0;15000000
169;2008-02-29;37;47;49;40;12;9;2;1;15000000
170;2008-02-22;46;50;4;27;32;8;9;1;28912566
171;2008-02-15;27;45;12;29;46;7;4;0;15000000
172;2008-08-02;17;38;28;44;30;1;4;0;130000000
173;2008-01-02;30;49;45;47;22;4;9;0;15000000
174;2008-01-25;2;19;9;45;6;7;8;1;76611580
175;2008-01-18;46;40;16;14;23;8;4;0;57437748
176;2008-11-01;24;36;50;8;49;4;8;0;40754255
177;2008-04-01;41;24;10;12;25;3;5;0;26917710
178;2009-12-25;4;17;5;34;14;5;3;0;15000000
179;2009-12-18;49;30;35;32;14;8;3;1;59459744
180;2009-11-12;41;43;44;46;20;2;9;0;43818510
181;2009-04-12;25;30;19;18;44;3;1;0;29071578
182;2009-11-27;33;15;13;5;8;8;9;0;15000000
183;2009-11-20;47;9;28;5;43;2;9;1;15000000
184;2009-11-13;15;25;32;26;13;4;3;1;16569317
185;2009-06-11;19;43;45;34;11;5;9;2;102199675
186;2009-10-30;35;9;33;38;40;6;2;0;79524887
187;2009-10-23;20;6;18;29;31;8;2;0;60674298
188;2009-10-16;23;30;31;47;12;3;4;0;44254660
189;2009-09-10;29;11;46;7;50;4;7;0;29041468
190;2009-02-10;44;29;24;23;22;5;1;0;15000000
191;2009-09-25;6;21;18;17;34;9;3;1;15000000
192;2009-09-18;30;16;41;38;6;2;4;1;100000000
193;2009-11-09;42;15;12;35;43;6;4;0;43176231
194;2009-04-09;20;39;6;9;38;9;3;0;28509295
195;2009-08-28;37;41;49;36;8;7;5;0;15000000
196;2009-08-21;16;42;31;7;4;5;3;2;75140659
197;2009-08-14;30;5;8;49;24;9;3;0;57349944
198;2009-07-08;22;10;31;24;20;7;2;0;41938302
199;2009-07-31;26;9;20;21;5;6;3;0;28001223
200;2009-07-24;15;47;35;25;14;9;5;0;15000000
201;2009-07-17;17;50;8;2;32;3;7;1;57528118
202;2009-10-07;42;20;6;16;46;1;6;0;42207030
203;2009-03-07;29;47;46;34;21;6;8;0;28040956
204;2009-06-26;21;6;11;39;30;8;2;0;15000000
205;2009-06-19;20;17;16;4;29;7;5;1;15000000
206;2009-12-06;50;14;6;16;34;6;4;2;58861216
207;2009-05-06;35;19;40;26;11;2;5;0;42859330
208;2009-05-29;30;47;2;37;5;6;3;0;28394418
209;2009-05-22;43;4;14;33;13;6;1;0;15000000
210;2009-05-15;19;8;42;18;20;5;9;1;15000000
211;2009-08-05;4;29;23;31;24;9;8;1;126231764
212;2009-01-05;38;47;31;19;5;3;5;0;98731551
213;2009-04-24;21;4;24;14;41;5;8;0;77000542
214;2009-04-17;7;4;21;44;47;1;5;0;58530802
215;2009-10-04;37;14;9;46;16;2;4;0;42292286
216;2009-03-04;46;24;32;20;2;1;9;0;28308420
217;2009-03-27;25;42;36;33;38;6;7;0;15000000
218;2009-03-20;31;12;35;23;16;4;6;2;29717504
219;2009-03-13;36;42;26;12;24;1;4;0;16009561
220;2009-06-03;13;35;25;17;19;5;6;2;100000000
221;2009-02-27;9;44;5;37;45;9;6;0;43037732
222;2009-02-20;13;48;9;12;14;1;2;0;28117227
223;2009-02-13;33;36;40;22;42;1;2;0;15000000
224;2009-06-02;36;30;20;40;10;3;5;2;15000000
225;2009-01-30;4;34;35;46;29;5;8;1;28407448
226;2009-01-23;36;49;33;40;32;2;8;0;15000000
227;2009-01-16;50;22;17;3;49;3;6;1;15000000
228;2009-09-01;22;7;15;28;48;4;1;1;57199762
229;2009-02-01;48;30;29;37;36;1;6;0;40425333
230;2010-12-31;2;24;43;38;34;1;7;1;15338239
231;2010-12-24;46;19;42;36;38;8;2;1;19106756
232;2010-12-17;3;35;29;42;20;3;8;1;43677118
233;2010-10-12;46;2;10;3;33;8;7;0;28707820
234;2010-03-12;28;32;46;8;19;4;7;0;15000000
235;2010-11-26;9;41;36;49;28;7;5;1;45322973
236;2010-11-19;36;12;15;45;32;9;7;0;30223423
237;2010-12-11;23;47;7;19;29;6;1;0;16141034
238;2010-05-11;21;23;33;50;40;5;4;1;29087861
239;2010-10-29;32;22;16;42;20;8;9;0;15000000
240;2010-10-22;39;5;11;9;4;3;5;2;29421180
241;2010-10-15;38;31;2;36;43;7;3;0;15000000
242;2010-08-10;46;35;39;30;9;6;8;1;129818431
243;2010-01-10;4;27;6;48;1;1;6;0;100000000
244;2010-09-24;1;16;48;4;40;1;9;2;28674645
245;2010-09-17;50;27;38;17;29;3;1;0;15000000
246;2010-10-09;35;41;21;45;17;5;1;1;15000000
247;2010-03-09;24;49;47;26;13;4;8;1;15000000
248;2010-08-27;13;6;30;1;49;1;9;2;15000000
249;2010-08-20;27;31;5;42;40;6;1;1;15000000
250;2010-08-13;15;9;47;21;4;7;2;3;15000000
251;2010-06-08;42;28;13;29;25;4;5;1;15000000
252;2010-07-30;39;11;3;4;28;8;2;1;28092206
253;2010-07-23;4;13;37;35;46;9;3;0;15000000
254;2010-07-16;49;46;45;39;38;7;8;1;42218532
255;2010-09-07;37;9;49;24;39;3;9;0;28051827
256;2010-02-07;46;41;36;13;12;8;1;0;15000000
257;2010-06-25;18;1;8;28;31;9;8;1;27989077
258;2010-06-18;2;29;31;38;32;4;1;0;15000000
259;2010-11-06;44;2;36;22;24;2;1;1;15000000
260;2010-04-06;34;42;17;40;4;9;4;1;15000000
261;2010-05-28;9;31;32;33;4;3;7;1;15000000
262;2010-05-21;38;19;50;7;30;4;7;1;15000000
263;2010-05-14;17;31;43;47;1;3;2;1;100037101
264;2010-07-05;15;21;6;3;32;7;9;0;78821704
265;2010-04-30;6;36;22;25;24;3;8;0;60297781
266;2010-04-23;46;3;7;8;43;6;8;0;43702394
267;2010-04-16;17;11;26;40;9;9;3;0;28888274
268;2010-09-04;44;23;24;21;7;3;4;0;15000000
269;2010-02-04;26;18;12;24;45;5;4;1;15000000
270;2010-03-26;18;37;8;16;43;2;6;1;44378829
271;2010-03-19;38;28;30;39;10;7;2;0;29152590
272;2010-12-03;46;1;26;36;33;7;6;0;15000000
273;2010-05-03;19;18;49;12;43;9;3;1;46258004
274;2010-02-26;42;11;29;7;18;7;6;0;30133000
275;2010-02-19;37;12;38;31;43;3;2;0;15000000
276;2010-12-02;5;45;1;38;18;6;4;2;129618405
277;2010-05-02;46;38;34;35;39;3;4;0;100000000
278;2010-01-29;39;43;30;17;9;7;5;1;29242656
279;2010-01-22;4;44;27;22;36;9;7;0;15000000
280;2010-01-15;49;50;26;29;11;4;7;2;59407369
281;2010-08-01;44;5;14;4;46;9;8;0;42944229
282;2010-01-01;22;24;27;36;9;7;5;0;28412329
283;2011-12-30;36;44;43;16;50;8;7;0;51792389
284;2011-12-27;26;21;25;19;44;7;3;0;38129375
285;2011-12-23;22;7;24;28;21;1;11;0;30860915
286;2011-12-20;14;48;1;9;12;7;1;0;15000000
287;2011-12-16;10;2;23;31;5;5;2;1;46576447
288;2011-12-13;12;37;18;33;7;1;11;0;34268472
289;2011-09-12;21;12;47;44;29;2;1;0;26824531
290;2011-06-12;34;21;20;38;19;9;3;0;15000000
291;2011-02-12;27;40;7;43;30;9;8;1;27094320
292;2011-11-29;25;50;11;45;41;7;2;0;15000000
293;2011-11-25;34;14;26;19;28;5;8;1;35062896
294;2011-11-22;16;40;38;24;18;2;4;0;21897137
295;2011-11-18;39;44;24;4;12;2;4;0;15000000
296;2011-11-15;47;17;22;6;45;3;11;1;15000000
297;2011-11-11;30;18;1;4;23;3;7;1;67939184
298;2011-08-11;40;15;4;29;1;1;5;0;54417326
299;2011-04-11;41;50;11;43;14;9;2;0;46270560
300;2011-01-11;20;45;23;14;46;1;11;0;33703338
301;2011-10-28;39;16;20;17;50;4;8;0;26983680
302;2011-10-25;39;28;22;12;27;4;10;0;15000000
303;2011-10-21;37;19;2;33;46;5;8;2;47998649
304;2011-10-18;46;18;37;48;23;2;10;0;35273363
305;2011-10-14;47;23;12;29;32;3;5;0;27483912
306;2011-11-10;12;16;4;1;48;9;10;0;15000000
307;2011-07-10;42;34;18;38;26;8;5;1;117705979
308;2011-04-10;14;16;23;45;38;8;11;0;100000000
309;2011-09-30;28;15;44;31;5;1;6;3;48578058
310;2011-09-27;28;18;40;27;35;3;5;0;35496319
311;2011-09-23;6;33;48;14;34;6;2;0;27447714
312;2011-09-20;25;38;19;9;36;11;7;0;15000000
313;2011-09-16;39;2;42;17;8;3;10;1;15000000
314;2011-09-13;28;32;49;9;30;9;10;1;162256622
315;2011-09-09;21;5;34;31;28;2;1;0;147365854
316;2011-06-09;42;35;50;48;47;9;8;0;127472057
317;2011-02-09;37;12;26;38;44;4;7;0;115692111
318;2011-08-30;46;8;2;10;19;5;9;0;98519380
319;2011-08-26;25;45;22;33;12;5;7;0;89057638
320;2011-08-23;42;50;6;14;4;2;4;0;74844027
321;2011-08-19;16;6;31;28;14;11;2;0;66489770
322;2011-08-16;45;18;1;13;17;8;3;0;53726356
323;2011-12-08;7;20;37;10;27;7;4;0;46432977
324;2011-09-08;36;24;34;7;23;11;8;0;34158168
325;2011-05-08;34;32;18;14;13;1;10;0;26847222
326;2011-02-08;8;33;14;24;5;8;3;0;15000000
327;2011-07-29;37;38;19;27;12;5;10;1;27315669
328;2011-07-26;5;1;25;48;22;11;3;0;15000000
329;2011-07-22;4;50;15;49;23;2;6;2;15000000
330;2011-07-19;16;3;25;35;26;5;9;1;23148546
331;2011-07-15;26;6;33;39;34;3;4;0;15000000
332;2011-12-07;19;17;42;45;38;9;10;1;185000000
333;2011-08-07;12;13;40;49;23;7;10;0;185000000
334;2011-05-07;28;47;29;11;49;5;1;0;176715803
335;2011-01-07;11;23;31;8;46;9;8;0;156881529
336;2011-06-28;16;15;44;30;50;3;2;0;134366394
337;2011-06-24;41;20;5;30;16;11;6;0;120909822
338;2011-06-21;49;50;20;17;35;4;3;0;103328216
339;2011-06-17;11;22;21;16;44;8;3;0;92688909
340;2011-06-14;41;19;48;5;12;8;10;0;77116731
341;2011-10-06;37;20;3;48;19;8;11;0;68829142
342;2011-07-06;25;38;40;6;36;10;4;0;54804890
343;2011-03-06;49;40;50;39;4;2;5;0;46382251
344;2011-05-31;22;9;10;50;1;11;5;0;33899735
345;2011-05-27;28;9;49;25;17;9;8;0;27342236
346;2011-05-24;16;23;24;29;26;2;9;0;15000000
347;2011-05-20;42;25;10;20;14;8;11;1;27642654
348;2011-05-17;37;20;21;45;46;3;2;0;15000000
349;2011-05-13;17;47;11;36;9;2;1;1;121019633
350;2011-10-05;28;3;45;10;15;7;5;0;100000000
351;2011-06-05;28;16;20;22;11;4;9;1;28772008
352;2011-04-29;38;40;25;15;41;1;2;0;15000000
353;2011-04-22;22;45;48;11;36;1;4;1;43415570
354;2011-04-15;4;41;6;21;39;2;6;0;29316256
355;2011-08-04;21;47;23;38;50;6;2;0;15000000
356;2011-01-04;17;33;22;21;4;4;8;1;15000000
357;2011-03-25;12;21;6;33;27;7;3;2;138210534
358;2011-03-18;50;13;26;1;20;7;6;0;107470965
359;2011-11-03;17;24;37;19;46;2;7;0;82769625
360;2011-04-03;28;41;25;11;27;8;5;0;61901148
361;2011-02-25;42;45;13;48;12;3;9;0;44068144
362;2011-02-18;45;3;49;15;2;9;5;0;28569174
363;2011-11-02;15;14;12;19;23;7;8;0;15000000
364;2011-04-02;47;35;11;2;24;5;9;5;28947728
365;2011-01-28;41;24;23;42;13;5;1;0;15000000
366;2011-01-21;21;11;13;3;18;5;4;2;29004254
367;2011-01-14;44;2;24;14;39;7;6;0;15000000
368;2011-07-01;32;22;1;48;50;7;6;1;15000000
369;2012-12-28;26;49;27;24;17;3;5;0;26703677
370;2012-12-25;14;20;32;23;18;3;10;0;15000000
371;2012-12-21;40;5;3;42;22;3;10;1;101835641
372;2012-12-18;35;14;44;18;20;5;2;0;86060443
373;2012-12-14;40;29;11;43;10;11;3;0;76452078
374;2012-11-12;50;4;9;1;43;6;8;0;63235218
375;2012-07-12;10;18;31;42;16;2;5;0;54583279
376;2012-04-12;29;5;28;44;10;2;4;0;42363921
377;2012-11-30;18;23;40;24;10;3;4;0;34324723
378;2012-11-27;49;44;6;10;23;7;1;0;22479773
379;2012-11-23;11;20;40;9;1;5;1;0;15000000
380;2012-11-20;42;28;45;30;49;10;5;1;22756968
381;2012-11-16;15;19;41;23;10;2;9;0;15000000
382;2012-11-13;11;16;21;24;29;2;6;1;169837015
383;2012-09-11;47;28;14;21;22;5;4;0;152867729
384;2012-06-11;35;25;20;41;7;1;9;0;132672800
385;2012-02-11;6;10;3;44;11;3;4;0;119125945
386;2012-10-30;23;44;25;24;31;2;3;0;102511027
387;2012-10-26;9;5;6;38;27;5;11;0;91421975
388;2012-10-23;1;35;38;50;28;2;10;0;76874851
389;2012-10-19;16;40;44;37;29;8;10;0;67874748
390;2012-10-16;41;10;40;49;32;2;8;0;54755945
391;2012-12-10;35;7;17;43;6;2;8;0;46640893
392;2012-09-10;23;8;10;25;2;8;9;0;34447603
393;2012-05-10;19;16;18;21;9;3;2;0;26871790
394;2012-02-10;16;42;21;36;4;8;7;0;15000000
395;2012-09-28;20;26;30;33;23;6;9;1;100000000
396;2012-09-25;7;25;27;48;49;1;4;0;33985873
397;2012-09-21;41;4;34;43;19;7;11;0;26523681
398;2012-09-18;38;7;39;44;6;7;9;0;15000000
399;2012-09-14;27;10;44;23;3;9;7;1;26580854
400;2012-11-09;15;6;37;22;44;2;4;0;15000000
401;2012-07-09;15;35;13;30;42;4;6;1;47319633
402;2012-04-09;18;39;17;44;11;10;5;0;34855964
403;2012-08-31;31;28;16;48;33;11;7;0;26982209
404;2012-08-28;1;26;25;44;18;5;4;0;15000000
405;2012-08-24;6;5;19;37;12;7;3;1;47570390
406;2012-08-21;17;5;38;4;48;4;3;0;34941089
407;2012-08-17;19;25;33;44;28;8;2;0;26921509
408;2012-08-14;45;16;42;1;38;9;10;0;15000000
409;2012-10-08;50;21;17;48;11;9;10;1;190000000
410;2012-07-08;20;50;34;46;27;3;2;0;190000000
411;2012-03-08;34;35;42;24;46;5;1;0;180011715
412;2012-07-31;35;39;4;36;29;9;8;0;156962440
413;2012-07-27;15;48;14;23;21;2;10;0;141583959
414;2012-07-24;18;25;4;16;44;11;1;0;112218632
415;2012-07-20;19;23;10;45;49;9;10;0;101392999
416;2012-07-17;24;2;43;7;46;10;8;0;85954935
417;2012-07-13;18;46;35;25;8;9;4;0;76630917
418;2012-10-07;37;1;24;16;3;8;1;0;61268725
419;2012-06-07;40;42;38;31;32;3;1;0;53006942
420;2012-03-07;22;7;2;40;27;6;3;0;40811640
421;2012-06-29;14;17;28;39;29;11;1;0;33263796
422;2012-06-26;11;22;35;20;1;10;8;0;21896089
423;2012-06-22;18;14;19;43;49;7;3;0;15000000
424;2012-06-19;17;20;50;7;35;5;11;1;15000000
425;2012-06-15;48;38;27;22;10;3;7;2;26828456
426;2012-12-06;30;26;48;15;8;9;10;0;15000000
427;2012-08-06;11;22;5;34;40;9;11;2;158052844
428;2012-05-06;13;49;37;47;34;8;9;0;134974395
429;2012-01-06;26;2;36;14;4;9;10;0;120024029
430;2012-05-29;28;17;25;15;8;3;11;0;101071615
431;2012-05-25;35;12;22;49;46;2;8;0;89779597
432;2012-05-22;31;32;41;16;37;7;1;0;74848794
433;2012-05-18;29;50;43;47;13;9;11;0;65687547
434;2012-05-15;13;2;50;11;26;5;2;0;51753790
435;2012-11-05;1;17;13;44;38;2;11;0;44093380
436;2012-08-05;3;34;48;38;21;5;8;0;32541206
437;2012-04-05;26;41;40;39;3;1;2;0;25968725
438;2012-01-05;4;15;41;5;19;11;9;0;15000000
439;2012-04-27;36;43;30;27;20;1;6;1;44407281
440;2012-04-24;8;24;48;43;9;3;5;0;32867376
441;2012-04-20;32;41;29;3;6;11;10;0;26031384
442;2012-04-17;10;28;49;48;33;10;1;0;15000000
443;2012-04-13;8;39;43;13;26;3;5;1;53763217
444;2012-10-04;37;27;22;25;36;9;5;0;39523670
445;2012-06-04;11;35;45;20;30;2;3;0;32751944
446;2012-03-04;1;8;18;25;30;10;9;0;21716352
447;2012-03-30;46;17;23;4;36;10;6;0;15000000
448;2012-03-27;29;36;27;34;24;7;8;1;15000000
449;2012-03-23;50;15;9;23;31;8;11;1;26096499
450;2012-03-20;28;30;15;16;46;3;4;0;15000000
451;2012-03-16;12;4;50;3;23;4;7;1;45758710
452;2012-03-13;47;1;25;10;43;8;9;0;33798147
453;2012-09-03;39;36;32;47;3;6;9;0;26508061
454;2012-06-03;23;47;27;37;24;6;2;0;15000000
455;2012-02-03;44;5;11;6;30;6;2;1;26670951
456;2012-02-28;10;48;1;17;33;2;3;0;15000000
457;2012-02-24;34;3;12;26;7;10;8;1;54897476
458;2012-02-21;11;24;14;25;29;11;7;0;41851240
459;2012-02-17;11;4;47;28;38;11;10;0;34279343
460;2012-02-14;36;14;42;46;27;11;8;0;22361166
461;2012-10-02;3;14;31;41;8;7;11;0;15000000
462;2012-07-02;15;3;17;33;28;2;4;1;54252968
463;2012-03-02;16;20;19;25;28;1;10;0;46106653
464;2012-01-31;43;34;38;9;45;4;2;0;33767650
465;2012-01-27;10;19;44;13;39;6;2;0;26630721
466;2012-01-24;1;20;6;2;36;11;8;0;15000000
467;2012-01-20;10;28;27;2;22;8;6;1;48895464
468;2012-01-17;12;44;22;30;31;5;6;0;36496417
469;2012-01-13;39;13;21;14;27;8;6;0;29204007
470;2012-10-01;9;4;30;10;40;9;2;0;15000000
471;2012-06-01;1;6;10;31;12;7;2;2;73113566
472;2012-03-01;42;30;45;3;49;5;10;0;59857419
473;2013-12-31;29;45;24;20;13;7;3;0;100878708
474;2013-12-27;1;22;6;13;28;10;5;0;86334915
475;2013-12-24;5;31;43;50;19;6;2;0;74670405
476;2013-12-20;13;22;17;43;12;10;3;0;64321006
477;2013-12-17;41;6;8;37;27;7;10;0;52406869
478;2013-12-13;24;22;23;1;31;6;11;0;44668268
479;2013-10-12;49;50;24;6;35;7;1;0;31707067
480;2013-06-12;18;31;36;2;1;7;10;0;24886473
481;2013-03-12;32;6;29;15;13;2;9;0;15000000
482;2013-11-29;10;23;7;2;43;4;7;1;15000000
483;2013-11-26;44;27;23;42;19;5;3;1;32148861
484;2013-11-22;40;26;13;25;50;8;9;0;25321675
485;2013-11-19;45;14;19;36;15;1;10;0;15000000
486;2013-11-15;13;42;3;15;29;4;1;1;100000000
487;2013-12-11;29;48;40;37;14;11;2;0;15000000
488;2013-08-11;35;20;42;43;28;8;10;2;15000000
489;2013-05-11;35;38;12;13;6;2;3;1;21594781
490;2013-01-11;19;33;29;30;7;3;8;0;15000000
491;2013-10-29;32;9;10;30;37;6;2;1;15000000
492;2013-10-25;2;31;38;3;10;6;10;1;31714028
493;2013-10-22;39;33;29;44;41;9;11;0;21557573
494;2013-10-18;25;36;47;46;5;2;6;0;15000000
495;2013-10-15;39;18;27;43;47;7;4;1;50899071
496;2013-11-10;6;17;23;12;43;5;9;0;43300447
497;2013-08-10;23;24;33;42;26;5;3;0;32466476
498;2013-04-10;50;35;6;24;20;5;10;0;25391202
499;2013-01-10;19;44;48;25;23;9;8;0;15000000
500;2013-09-27;11;15;38;41;43;2;6;1;65793284
501;2013-09-24;10;20;26;28;43;9;11;0;53875031
502;2013-09-20;5;11;35;38;45;2;3;0;46107180
503;2013-09-17;13;17;21;42;44;9;11;0;34994367
504;2013-09-13;14;27;6;4;33;10;5;0;27722709
505;2013-10-09;7;11;14;28;30;2;10;0;15000000
506;2013-06-09;11;23;25;32;37;4;7;2;25602948
507;2013-03-09;5;18;16;42;9;7;9;0;15000000
508;2013-08-30;2;17;25;36;45;5;9;2;25642224
509;2013-08-27;7;30;38;40;43;2;6;0;15000000
510;2013-08-23;30;37;26;6;1;8;5;1;93948087
511;2013-08-20;42;11;50;49;5;8;11;0;80048874
512;2013-08-16;20;24;27;37;39;5;10;0;70976896
513;2013-08-13;5;20;47;17;50;1;4;0;59358856
514;2013-09-08;24;4;23;7;9;9;8;0;51235800
515;2013-06-08;17;47;16;49;31;3;11;0;39969189
516;2013-02-08;21;36;37;42;48;4;7;0;32550628
517;2013-07-30;3;14;4;11;43;1;6;0;22036079
518;2013-07-26;12;23;29;38;49;3;4;0;15141986
519;2013-07-23;14;15;16;19;44;4;5;1;15000000
520;2013-07-19;24;35;13;26;16;5;2;1;15000000
521;2013-07-16;50;34;47;19;23;4;6;1;22078146
522;2013-12-07;26;42;33;18;32;3;2;0;15000000
523;2013-09-07;18;16;38;49;31;10;4;1;33574531
524;2013-05-07;28;4;33;12;15;1;10;0;26012633
525;2013-02-07;14;13;11;28;30;4;5;0;15000000
526;2013-06-28;15;1;47;28;35;7;1;1;15000000
527;2013-06-25;4;13;35;27;5;2;1;2;187937614
528;2013-06-21;30;11;36;45;10;1;2;0;168458397
529;2013-06-18;24;33;17;41;44;11;1;0;146642974
530;2013-06-14;41;25;48;10;47;6;10;0;131383087
531;2013-11-06;7;9;25;5;41;5;1;0;112888839
532;2013-07-06;14;26;45;50;7;2;7;0;100000000
533;2013-04-06;34;33;40;31;37;6;1;0;22292668
534;2013-05-31;29;43;28;34;27;10;5;0;15000000
535;2013-05-28;34;38;13;8;26;3;11;1;95372874
536;2013-05-24;22;17;40;7;27;2;3;0;85427113
537;2013-05-21;29;19;8;28;7;9;5;0;71706904
538;2013-05-17;25;24;50;6;20;9;10;0;63210305
539;2013-05-14;24;7;8;36;27;11;5;0;51014670
540;2013-10-05;1;32;35;45;48;4;11;0;43122368
541;2013-07-05;43;27;13;28;42;4;6;0;32317752
542;2013-03-05;5;49;34;3;40;2;3;0;25320531
543;2013-04-30;13;50;40;43;36;9;5;0;15000000
544;2013-04-26;40;38;16;24;11;2;5;1;32469030
545;2013-04-23;50;4;1;7;10;4;11;0;21743067
546;2013-04-19;1;46;8;42;48;4;7;0;15000000
547;2013-04-16;33;50;22;1;11;4;6;1;15000000
548;2013-12-04;28;45;15;5;10;3;9;1;26258943
549;2013-09-04;15;44;48;38;35;10;5;0;15000000
550;2013-05-04;32;1;17;39;11;7;2;2;26538894
551;2013-02-04;17;12;41;29;25;1;4;0;15000000
552;2013-03-29;44;30;46;43;13;9;5;1;132486744
553;2013-03-26;44;30;26;42;4;6;11;0;113430166
554;2013-03-22;27;32;12;34;49;9;8;0;100000000
555;2013-03-19;44;32;19;37;35;9;1;0;21971382
556;2013-03-15;24;14;39;4;21;10;3;0;15000000
557;2013-12-03;50;4;10;2;22;5;8;1;15000000
558;2013-08-03;20;42;23;28;3;8;11;1;51689985
559;2013-05-03;33;31;19;8;39;7;2;0;40083119
560;2013-01-03;1;11;36;29;42;4;5;0;32728379
561;2013-02-26;3;12;13;17;30;2;6;0;21860645
562;2013-02-22;15;37;36;16;28;2;11;0;15000000
563;2013-02-19;28;30;44;12;15;9;8;1;60298933
564;2013-02-15;2;4;42;28;22;4;9;0;52030590
565;2013-12-02;28;25;5;11;16;7;9;0;40241884
566;2013-08-02;14;44;11;34;9;11;10;0;32916240
567;2013-05-02;25;6;45;40;31;6;7;0;21947416
568;2013-01-02;37;5;34;38;21;1;6;0;15000000
569;2013-01-29;9;16;26;36;39;2;6;2;15000000
570;2013-01-25;3;10;37;18;31;2;4;1;44297359
571;2013-01-22;45;10;48;1;44;4;1;0;32974711
572;2013-01-18;39;26;27;30;4;10;3;0;25798102
573;2013-01-15;47;42;22;40;38;11;1;0;15000000
574;2013-11-01;37;22;29;4;41;7;4;1;34191508
575;2013-08-01;22;26;47;2;20;9;5;0;22485855
576;2013-04-01;4;10;27;22;41;10;8;0;15000000
577;2013-01-01;36;49;2;7;8;11;1;3;38032608
578;2014-12-30;6;18;39;50;44;11;8;1;15000000
579;2014-12-26;26;45;27;49;17;2;3;1;25234535
580;2014-12-23;49;25;9;19;8;10;2;0;15000000
581;2014-12-19;39;44;23;29;31;5;8;1;15000000
582;2014-12-16;13;7;3;25;12;5;8;1;39580687
583;2014-12-12;28;2;15;31;37;4;6;0;32170285
584;2014-09-12;31;1;3;42;46;11;4;0;21823076
585;2014-05-12;5;8;48;47;37;3;2;0;15000000
586;2014-02-12;15;25;3;49;44;9;1;1;72971665
587;2014-11-28;10;23;6;41;15;10;4;0;64238836
588;2014-11-25;32;7;36;3;25;1;6;0;51208489
589;2014-11-21;28;32;7;37;4;5;10;0;43061336
590;2014-11-18;3;2;36;38;17;11;4;0;32415734
591;2014-11-14;36;32;38;48;17;8;5;0;25319129
592;2014-11-11;46;14;36;2;21;11;7;0;15000000
593;2014-07-11;32;13;38;46;25;10;1;2;33012470
594;2014-04-11;1;13;6;26;17;3;5;0;22206694
595;2014-10-31;10;41;13;20;33;9;3;0;15000000
596;2014-10-28;45;17;40;10;15;1;2;1;15000000
597;2014-10-24;42;20;3;30;9;6;1;1;190000000
598;2014-10-21;40;33;27;20;21;3;10;0;181778812
599;2014-10-17;49;13;48;1;40;8;10;0;164013958
600;2014-10-14;15;23;32;4;5;7;3;0;143635162
601;2014-10-10;29;42;47;45;6;9;10;0;129467190
602;2014-07-10;38;30;21;9;28;8;1;0;112118982
603;2014-03-10;13;23;50;48;4;10;5;0;100000000
604;2014-09-30;33;13;15;3;42;5;7;1;32929188
605;2014-09-26;46;35;47;13;27;1;2;0;25767850
606;2014-09-23;13;35;14;29;12;1;7;0;15000000
607;2014-09-19;6;34;8;38;48;9;3;1;86732923
608;2014-09-16;4;30;35;50;29;4;2;0;74610475
609;2014-12-09;31;9;33;26;13;7;11;0;66213888
610;2014-09-09;15;35;19;8;24;10;8;0;55073280
611;2014-05-09;18;50;23;46;1;9;3;0;47592168
612;2014-02-09;39;45;25;31;5;8;1;0;37624288
613;2014-08-29;32;38;26;9;2;3;6;0;30847109
614;2014-08-26;36;48;45;10;22;11;4;0;21332468
615;2014-08-22;29;17;49;35;4;1;2;0;15000000
616;2014-08-19;11;34;47;4;7;7;8;1;54304297
617;2014-08-15;4;21;30;5;23;10;8;0;46954024
618;2014-12-08;22;19;7;16;33;5;2;0;37783516
619;2014-08-08;29;21;35;46;43;1;9;0;30941693
620;2014-05-08;5;21;42;7;19;11;5;0;21466842
621;2014-01-08;50;44;46;48;24;10;5;0;15000000
622;2014-07-29;40;23;35;10;43;9;3;1;37632166
623;2014-07-25;10;24;9;12;43;5;9;0;30819744
624;2014-07-22;1;43;50;45;24;5;8;0;21405298
625;2014-07-18;1;41;43;11;29;3;11;0;15000000
626;2014-07-15;18;27;15;34;20;1;3;1;67902166
627;2014-11-07;38;35;5;49;22;7;4;0;60081769
628;2014-08-07;24;18;22;8;27;11;4;0;49306200
629;2014-04-07;47;18;43;39;4;6;2;0;42031147
630;2014-01-07;39;25;18;22;27;5;10;0;31752213
631;2014-06-27;39;34;45;33;31;2;10;0;24831312
632;2014-06-24;20;1;7;21;48;4;7;0;15000000
633;2014-06-20;5;38;49;15;25;1;2;1;24974879
634;2014-06-17;48;13;37;40;11;8;9;0;15000000
635;2014-06-13;16;22;28;46;18;11;9;1;137313501
636;2014-10-06;12;18;21;33;32;1;11;0;118626756
637;2014-06-06;34;40;25;7;49;9;11;0;106876333
638;2014-03-06;2;39;32;15;44;5;10;0;88945682
639;2014-05-30;27;41;24;45;5;7;6;0;78898283
640;2014-05-27;16;13;26;25;7;1;6;0;67034874
641;2014-05-23;31;3;47;8;34;11;9;0;59346874
642;2014-05-20;38;5;36;33;47;4;9;0;48745949
643;2014-05-16;26;23;37;29;40;4;3;0;41696345
644;2014-05-13;47;34;13;30;4;6;2;0;31594762
645;2014-09-05;45;28;3;26;21;10;7;0;24736691
646;2014-06-05;37;5;19;31;24;9;1;0;15000000
647;2014-02-05;30;42;4;31;38;11;2;1;89166455
648;2014-04-29;35;26;18;23;44;3;11;0;76616042
649;2014-04-25;13;49;44;21;24;9;1;0;67951355
650;2014-04-22;20;46;15;24;13;8;1;0;56813879
651;2014-04-18;21;47;31;39;24;3;7;0;49741996
652;2014-04-15;14;50;47;26;3;7;11;0;39469425
653;2014-11-04;8;33;30;12;19;4;11;0;32404758
654;2014-08-04;42;11;29;18;49;11;4;0;21651231
655;2014-04-04;50;45;28;6;10;10;11;0;15000000
656;2014-01-04;44;38;18;16;26;10;8;1;15000000
657;2014-03-28;3;43;19;28;4;3;7;1;25329483
658;2014-03-25;28;50;26;7;20;8;2;0;15000000
659;2014-03-21;37;7;39;30;42;7;5;1;25493153
660;2014-03-18;27;36;34;8;39;5;10;0;15000000
661;2014-03-14;30;24;6;27;25;9;5;1;129384564
662;2014-11-03;1;4;44;33;23;8;7;0;112224513
663;2014-07-03;38;10;40;5;41;1;8;0;100000000
664;2014-04-03;3;22;5;27;44;6;1;0;15000000
665;2014-02-28;38;44;32;12;43;2;7;1;42517715
666;2014-02-25;42;21;25;28;35;6;4;0;31885464
667;2014-02-21;28;13;17;30;32;5;7;0;24964477
668;2014-02-18;36;37;26;23;49;6;7;0;15000000
669;2014-02-14;19;39;4;2;6;2;7;1;25543227
670;2014-11-02;47;25;8;17;41;1;2;0;15000000
671;2014-07-02;17;19;47;3;46;9;10;1;25315477
672;2014-04-02;37;1;33;21;38;8;4;0;15000000
673;2014-01-31;10;15;31;8;16;8;9;1;72149579
674;2014-01-28;18;23;48;20;42;2;9;0;59913845
675;2014-01-24;19;41;35;34;5;1;5;0;51853731
676;2014-01-21;4;42;35;48;12;5;8;0;40648762
677;2014-01-17;26;19;33;42;32;10;4;0;33069927
678;2014-01-14;25;18;20;26;37;11;10;0;22323820
679;2014-10-01;1;27;2;11;29;10;1;0;15000000
680;2014-07-01;2;45;20;27;33;6;10;2;130277772
681;2014-03-01;3;44;27;38;31;3;8;0;116122939
682;2015-12-29;5;36;32;31;20;6;7;0;32342225
683;2015-12-25;10;27;40;3;25;9;3;0;24895055
684;2015-12-22;19;41;18;40;20;7;10;0;15000000
685;2015-12-18;22;6;26;29;48;5;6;1;83228800
686;2015-12-15;11;27;35;8;23;4;11;0;71034372
687;2015-11-12;43;5;21;3;40;11;6;0;62650170
688;2015-08-12;48;29;12;38;17;9;11;0;51436264
689;2015-04-12;17;27;18;39;8;7;1;0;44266153
690;2015-01-12;35;15;45;25;2;10;8;0;33518353
691;2015-11-27;50;16;30;37;29;6;8;0;26179692
692;2015-11-24;26;14;17;9;16;10;11;0;15000000
693;2015-11-20;34;49;30;46;4;8;7;1;163553041
694;2015-11-17;6;37;23;38;7;11;10;0;144587700
695;2015-11-13;33;10;18;40;17;8;2;0;130868296
696;2015-10-11;43;39;13;6;18;2;8;0;111997290
697;2015-06-11;26;40;38;17;3;4;10;0;100000000
698;2015-03-11;39;27;49;8;46;2;6;0;55033448
699;2015-10-30;8;13;17;21;34;6;7;0;47542339
700;2015-10-27;11;20;25;36;12;9;6;0;37252483
701;2015-10-23;25;7;32;39;30;2;8;0;30630412
702;2015-10-20;21;19;30;45;17;8;10;0;21280290
703;2015-10-16;28;43;7;48;29;3;10;0;15000000
704;2015-10-13;26;15;12;47;29;11;3;2;30878428
705;2015-09-10;43;42;47;40;1;9;11;0;24386729
706;2015-06-10;22;32;29;11;20;1;8;0;15000000
707;2015-02-10;21;35;7;32;18;11;2;1;15000000
708;2015-09-29;14;49;26;11;29;3;9;1;15000000
709;2015-09-25;14;37;30;13;23;8;2;1;47772431
710;2015-09-22;27;14;23;29;26;7;10;0;37424463
711;2015-09-18;39;34;33;7;29;8;7;0;30788012
712;2015-09-15;44;8;15;17;49;5;8;0;21398749
713;2015-11-09;19;50;10;29;18;9;1;0;15000000
714;2015-08-09;42;14;40;39;16;1;4;1;30904640
715;2015-04-09;27;8;45;9;50;8;10;0;24335146
716;2015-01-09;6;27;45;19;21;8;1;0;15000000
717;2015-08-28;11;34;30;29;31;4;7;1;15000000
718;2015-08-25;31;33;50;27;42;5;2;1;30507122
719;2015-08-21;47;4;16;18;43;10;6;0;23986424
720;2015-08-18;7;10;19;12;11;2;9;0;15000000
721;2015-08-14;45;4;44;7;39;3;5;1;40297743
722;2015-11-08;2;16;3;15;8;4;11;0;30648924
723;2015-07-08;1;5;21;44;39;4;11;0;24090340
724;2015-04-08;50;15;39;10;45;10;9;0;15000000
725;2015-07-31;34;21;16;50;40;6;9;1;24939216
726;2015-07-28;36;23;49;43;32;8;7;0;15000000
727;2015-07-24;21;46;2;9;35;2;11;1;40468528
728;2015-07-21;14;29;44;27;20;10;7;0;30754406
729;2015-07-17;21;48;22;1;43;9;7;0;24215184
730;2015-07-14;34;18;36;19;6;1;8;0;15000000
731;2015-10-07;35;8;15;5;41;5;4;1;40998254
732;2015-07-07;7;41;33;18;6;10;3;0;31077433
733;2015-03-07;11;18;44;15;12;3;9;0;24398282
734;2015-06-30;11;28;15;34;37;1;8;0;15000000
735;2015-06-26;10;19;6;3;24;5;7;1;25263266
736;2015-06-23;16;38;4;22;49;6;9;0;15000000
737;2015-06-19;7;14;20;31;42;9;3;1;24835107
738;2015-06-16;15;10;36;16;37;3;9;0;15000000
739;2015-12-06;11;10;37;5;8;9;7;1;129204405
740;2015-09-06;5;34;17;9;32;8;6;0;112140115
741;2015-05-06;8;7;2;48;45;9;1;0;100000000
742;2015-02-06;23;7;41;29;37;1;8;0;21811079
743;2015-05-29;3;4;20;45;48;6;8;0;15000000
744;2015-05-26;6;24;7;21;5;6;5;1;37682171
745;2015-05-22;18;44;35;24;45;5;11;0;31141927
746;2015-05-19;35;37;31;26;30;11;8;0;21489111
747;2015-05-15;47;42;44;5;35;9;8;0;15000000
748;2015-12-05;29;30;14;46;40;3;6;1;47879234
749;2015-08-05;14;19;49;7;47;10;3;0;40655810
750;2015-05-05;1;17;10;42;20;9;8;0;30744734
751;2015-01-05;19;26;20;25;3;6;10;0;23963701
752;2015-04-28;36;24;28;26;45;10;7;0;15000000
753;2015-04-24;31;5;40;29;19;3;10;1;50731331
754;2015-04-21;14;42;17;6;45;8;1;0;39055477
755;2015-04-17;39;2;34;24;30;11;8;0;31605188
756;2015-04-14;49;34;32;24;35;2;1;0;21697826
757;2015-10-04;25;43;22;23;30;5;9;0;15000000
758;2015-07-04;39;25;50;44;18;8;5;1;21449918
759;2015-03-04;39;37;49;29;27;4;2;0;15000000
760;2015-03-31;8;28;20;24;49;8;9;1;73584056
761;2015-03-27;30;39;32;44;2;10;6;0;65065695
762;2015-03-24;40;10;39;24;26;3;10;0;52905388
763;2015-03-20;3;14;42;48;37;1;10;0;45000000
764;2015-03-17;11;23;44;38;26;8;1;0;33000000
765;2015-03-13;4;5;22;18;23;3;1;0;27214552
766;2015-10-03;31;30;2;6;23;10;2;0;15000000
767;2015-06-03;47;30;49;50;23;7;2;1;100000000
768;2015-03-03;6;21;13;8;11;8;7;0;81055085
769;2015-02-27;17;25;14;5;47;10;9;0;71791059
770;2015-02-24;3;28;25;34;50;1;11;0;58852109
771;2015-02-20;37;46;10;4;14;4;7;0;51125126
772;2015-02-17;5;2;18;43;30;10;1;0;40422821
773;2015-02-13;24;12;39;44;42;3;11;0;33327954
774;2015-10-02;30;45;20;13;17;9;10;0;21653156
775;2015-06-02;50;30;10;26;39;8;7;0;15000000
776;2015-03-02;50;44;17;31;33;11;7;1;15000000
777;2015-01-30;9;24;15;13;19;3;8;2;15000000
778;2015-01-27;10;33;5;31;40;10;8;1;21715116
779;2015-01-23;30;45;29;38;6;8;1;0;15000000
780;2015-01-20;33;47;15;41;44;10;8;2;32539304
781;2015-01-16;34;32;29;30;46;6;3;0;25492644
782;2015-01-13;34;31;21;8;17;10;9;0;15000000
783;2015-09-01;6;32;45;21;24;1;11;1;31666941
784;2015-06-01;20;38;30;14;49;4;3;0;21570078
785;2015-02-01;24;25;49;28;22;3;6;0;15000000
786;2016-12-30;8;10;22;29;47;1;3;0;17000000
787;2016-12-27;32;22;39;25;3;7;12;1;25000000
788;2016-12-23;46;39;16;20;4;2;5;0;17000000
789;2016-12-20;15;27;13;21;17;2;3;1;61653352
790;2016-12-16;45;10;6;30;41;4;11;0;51365465
791;2016-12-13;28;50;48;29;14;2;8;0;38164327
792;2016-09-12;6;40;37;28;12;1;5;0;29101354
793;2016-06-12;27;1;7;11;45;4;9;0;17000000
794;2016-02-12;6;11;23;31;32;2;12;1;28251970
795;2016-11-29;38;27;21;28;26;9;11;0;17000000
796;2016-11-25;28;23;5;11;17;10;11;2;57128890
797;2016-11-22;47;10;5;33;34;10;2;0;44606876
798;2016-11-18;3;12;27;32;47;6;8;0;36226400
799;2016-11-15;42;7;15;36;48;3;7;0;25643917
800;2016-11-11;38;49;3;22;23;2;9;0;17000000
801;2016-08-11;5;9;47;49;50;8;9;1;39336342
802;2016-04-11;7;11;12;48;44;3;7;0;30088611
803;2016-01-11;6;10;20;29;37;1;9;0;17000000
804;2016-10-28;23;43;10;19;16;2;8;1;17375733
805;2016-10-25;28;15;21;3;20;1;5;1;50108729
806;2016-10-21;48;9;23;20;44;8;10;0;39871819
807;2016-10-18;2;25;17;21;27;6;9;0;26452819
808;2016-10-14;31;34;19;7;13;1;11;0;17000000
809;2016-11-10;12;37;20;24;5;4;11;1;168085323
810;2016-07-10;12;30;27;20;2;11;9;0;160262012
811;2016-04-10;4;38;7;14;34;4;11;0;140796507
812;2016-09-30;35;44;17;37;43;2;10;0;130000000
813;2016-09-27;6;9;13;39;41;2;12;0;17000000
814;2016-09-23;14;39;42;49;16;3;9;1;23850387
815;2016-09-20;45;41;4;1;10;9;6;0;15000000
816;2016-09-16;32;5;22;8;14;2;11;1;39758892
817;2016-09-13;44;16;4;7;35;1;3;0;30386703
818;2016-09-09;28;4;11;17;15;1;3;0;23906431
819;2016-06-09;45;12;34;24;30;7;10;0;15000000
820;2016-02-09;50;40;16;32;8;2;11;5;39204300
821;2016-08-30;29;42;13;16;35;6;8;0;30018586
822;2016-08-26;48;9;30;28;1;7;8;0;23748325
823;2016-08-23;2;31;45;37;23;4;8;0;15000000
824;2016-08-19;22;6;5;25;34;5;7;1;54894441
825;2016-08-16;34;37;46;26;2;4;8;0;45434119
826;2016-12-08;15;50;36;2;28;2;11;0;39134895
827;2016-09-08;19;43;44;12;45;5;10;0;30094448
828;2016-05-08;19;16;24;37;35;2;7;0;23739151
829;2016-02-08;27;46;38;2;8;2;6;0;15000000
830;2016-07-29;40;26;50;1;21;2;4;1;72413419
831;2016-07-26;13;49;10;45;3;2;11;0;61762146
832;2016-07-22;26;45;24;7;37;5;9;0;54603405
833;2016-07-19;24;37;19;28;36;3;6;0;45336960
834;2016-07-15;2;11;14;13;21;1;8;0;38892370
835;2016-12-07;26;3;41;33;7;2;10;0;30023216
836;2016-08-07;12;18;8;44;33;8;4;0;23725445
837;2016-05-07;38;29;10;48;1;3;4;0;15000000
838;2016-01-07;11;50;13;40;2;1;10;1;23845060
839;2016-06-28;43;37;32;26;49;4;5;0;15000000
840;2016-06-24;11;19;39;28;27;3;10;1;39675953
841;2016-06-21;32;35;17;49;5;1;5;0;30372881
842;2016-06-17;43;1;18;27;7;4;8;0;23930261
843;2016-06-14;13;50;42;39;34;9;11;0;15000000
844;2016-10-06;21;35;42;14;43;7;9;1;85076374
845;2016-07-06;26;49;19;45;35;2;5;0;73037327
846;2016-03-06;7;31;39;23;33;6;10;0;64670541
847;2016-05-31;6;30;26;48;12;6;7;0;54237617
848;2016-05-27;46;27;13;43;25;4;8;0;47024763
849;2016-05-24;37;17;34;16;23;6;9;0;37111646
850;2016-05-20;41;9;30;14;45;4;9;0;30459055
851;2016-05-17;32;27;39;36;15;3;10;0;21222202
852;2016-05-13;31;28;42;15;7;10;11;0;15000000
853;2016-10-05;40;2;26;27;49;5;10;1;73002277
854;2016-06-05;45;48;40;34;32;1;10;0;64875525
855;2016-03-05;23;34;8;24;38;3;7;0;54692521
856;2016-04-29;4;25;28;5;43;6;11;0;47533440
857;2016-04-26;10;42;17;32;31;2;5;0;37322168
858;2016-04-22;32;43;26;34;17;2;10;0;30597280
859;2016-04-19;27;14;44;15;11;2;7;0;21367277
860;2016-04-15;13;32;37;14;48;1;7;0;15000000
861;2016-12-04;9;1;5;22;38;2;10;1;65001096
862;2016-08-04;43;8;49;6;26;6;10;0;57250091
863;2016-05-04;3;19;40;9;5;2;5;0;46881020
864;2016-01-04;23;25;2;49;16;6;9;0;39814046
865;2016-03-29;4;25;19;36;1;3;11;0;30177602
866;2016-03-25;43;36;12;42;19;5;8;0;24008507
867;2016-03-22;15;49;12;26;42;5;8;0;15000000
868;2016-03-18;14;49;21;19;24;5;11;1;59687034
869;2016-03-15;7;10;5;44;34;2;10;0;49339787
870;2016-11-03;26;43;1;21;40;6;9;0;42155766
871;2016-08-03;9;14;23;8;1;1;7;0;32079575
872;2016-04-03;9;23;40;16;14;1;5;0;25106903
873;2016-01-03;37;7;28;13;4;10;11;0;15000000
874;2016-02-26;13;50;5;33;15;9;11;1;15000000
875;2016-02-23;42;32;23;25;37;1;11;1;31340088
876;2016-02-19;32;13;14;39;30;3;9;0;24499669
877;2016-02-16;3;22;50;10;37;6;10;0;15000000
878;2016-12-02;31;49;28;20;3;2;5;1;32002496
879;2016-09-02;9;6;13;28;37;4;5;0;21863824
880;2016-05-02;46;32;27;3;41;4;8;0;15000000
881;2016-02-02;36;21;10;6;9;2;6;1;15000000
882;2016-01-29;29;32;23;1;5;1;7;2;132376636
883;2016-01-26;15;40;24;48;38;2;9;0;116044888
884;2016-01-22;27;10;30;47;12;8;9;0;104897313
885;2016-01-19;2;30;38;43;46;7;2;0;91076034
886;2016-01-15;43;38;19;10;46;1;11;0;81942693
887;2016-12-01;2;10;30;44;1;1;8;0;69720920
888;2016-08-01;35;33;26;40;5;3;8;0;61385482
889;2016-05-01;36;10;6;39;31;6;10;0;49900228
890;2016-01-01;44;37;38;39;4;4;7;0;42094520
891;2017-12-29;4;8;22;23;48;1;12;1;38906715
892;2017-12-26;4;17;30;43;44;2;10;0;24717288
893;2017-12-22;5;24;30;31;43;3;6;0;17000000
894;2017-12-19;8;15;30;38;46;4;7;1;135346147
895;2017-12-15;25;30;31;42;50;2;11;0;126429055
896;2017-12-12;39;20;37;50;44;4;8;0;115458908
897;2017-08-12;4;22;30;32;34;3;4;0;107213099
898;2017-05-12;48;11;44;43;36;2;7;0;97420825
899;2017-01-12;5;46;29;35;24;11;12;0;90060314
900;2017-11-28;42;1;12;6;18;2;7;0;80976656
901;2017-11-24;19;24;28;30;50;3;10;0;74515266
902;2017-11-21;31;28;10;2;14;7;5;0;61046362
903;2017-11-17;35;36;26;42;20;5;12;0;51634094
904;2017-11-14;16;40;39;41;14;8;10;0;38477171
905;2017-10-11;37;36;29;22;13;1;9;0;29800638
906;2017-07-11;37;19;41;20;7;12;2;0;17000000
907;2017-03-11;41;5;33;17;12;4;9;1;28709464
908;2017-10-31;46;12;43;36;1;3;5;0;17000000
909;2017-10-27;39;23;16;32;3;1;4;1;17000000
910;2017-10-24;27;9;33;13;11;7;10;1;65407072
911;2017-10-20;4;27;23;30;17;3;8;0;55649983
912;2017-10-17;19;26;17;13;36;2;3;0;42395360
913;2017-10-13;23;37;50;29;45;5;11;0;33140111
914;2017-10-10;36;4;37;21;34;3;6;0;17000000
915;2017-06-10;1;9;15;19;25;1;7;1;190000000
916;2017-03-10;32;6;50;24;48;1;5;0;190000000
917;2017-09-29;18;32;7;48;19;3;7;0;178941892
918;2017-09-26;40;29;1;48;41;6;12;0;163620566
919;2017-09-22;6;11;31;39;42;1;3;0;152701511
920;2017-09-19;45;21;1;8;30;2;3;0;139531728
921;2017-09-15;44;49;13;18;37;9;12;0;130000000
922;2017-12-09;35;17;29;10;27;4;11;0;37430146
923;2017-08-09;9;24;42;47;49;1;5;0;28504963
924;2017-05-09;28;18;29;6;9;9;1;0;17000000
925;2017-01-09;3;7;8;14;49;5;8;1;28287321
926;2017-08-29;4;12;32;15;38;1;5;0;17000000
927;2017-08-25;15;7;1;47;5;9;12;1;17000000
928;2017-08-22;10;12;17;3;27;3;5;1;44105265
929;2017-08-18;39;42;24;45;2;2;8;0;35595611
930;2017-08-15;10;14;30;35;46;4;10;0;24238049
931;2017-11-08;18;28;39;46;48;5;12;0;17000000
932;2017-08-08;26;15;40;25;41;4;5;1;36563144
933;2017-04-08;29;30;41;40;36;9;2;0;28246597
934;2017-01-08;29;24;21;30;14;8;10;0;17000000
935;2017-07-28;41;9;31;5;29;2;4;1;57871110
936;2017-07-25;14;44;43;48;12;2;11;0;45205505
937;2017-07-21;8;1;26;49;9;5;9;0;36567350
938;2017-07-18;41;27;1;45;25;5;7;0;25104936
939;2017-07-14;21;14;20;47;11;10;7;0;17000000
940;2017-11-07;50;26;42;22;14;8;10;1;17000000
941;2017-07-07;11;20;35;37;45;3;6;1;28975630
942;2017-04-07;22;25;10;37;49;8;5;0;17000000
943;2017-06-30;35;50;39;17;47;6;8;1;100000000
944;2017-06-27;45;17;21;9;28;1;3;0;79203977
945;2017-06-23;4;31;21;3;38;3;7;0;72762689
946;2017-06-20;44;43;11;18;26;8;10;0;59644334
947;2017-06-16;38;42;15;17;41;9;12;0;50405630
948;2017-06-13;12;3;22;27;49;4;11;0;38110538
949;2017-09-06;9;39;27;20;43;10;11;0;29190553
950;2017-06-06;25;40;20;22;37;3;7;0;17000000
951;2017-02-06;8;42;33;24;10;3;9;1;153873716
952;2017-05-30;27;48;38;12;7;6;9;0;139962742
953;2017-05-26;5;7;26;36;39;2;10;0;130028601
954;2017-05-23;15;8;42;25;27;1;4;0;118337309
955;2017-05-19;30;12;9;19;11;4;9;0;109192064
956;2017-05-16;20;8;30;11;15;3;8;0;98136932
957;2017-12-05;2;20;28;29;44;3;9;0;90507121
958;2017-09-05;26;22;16;12;8;6;7;0;81075588
959;2017-05-05;7;43;30;3;35;1;3;0;74483969
960;2017-02-05;27;25;19;6;23;11;12;0;66014926
961;2017-04-28;14;20;25;30;39;2;8;0;57367996
962;2017-04-25;11;9;32;19;43;3;9;0;44628597
963;2017-04-21;2;13;22;49;16;4;5;0;36047524
964;2017-04-18;22;17;45;38;31;5;12;0;24655351
965;2017-04-14;33;20;4;14;23;6;10;0;17000000
966;2017-11-04;5;21;22;31;49;2;8;1;83397527
967;2017-07-04;2;10;19;35;50;6;7;0;76652440
968;2017-04-04;24;33;9;1;34;2;6;0;68205610
969;2017-03-31;17;24;26;28;45;4;12;0;58432786
970;2017-03-28;9;13;31;33;46;6;10;0;45620296
971;2017-03-24;2;21;17;27;34;5;9;0;36870612
972;2017-03-21;47;23;20;44;1;4;11;0;25165272
973;2017-03-17;19;29;36;6;10;3;9;0;17000000
974;2017-03-14;21;5;44;36;3;3;6;1;80571199
975;2017-10-03;38;49;31;47;36;8;11;0;73878559
976;2017-07-03;6;37;50;41;48;4;5;0;59887734
977;2017-03-03;47;2;11;29;30;1;12;0;50129163
978;2017-02-28;35;31;10;42;20;2;12;0;37350466
979;2017-02-24;13;2;43;22;4;8;9;0;28811185
980;2017-02-21;19;41;49;13;45;3;4;0;17000000
981;2017-02-17;19;25;33;36;48;2;9;1;17000000
982;2017-02-14;44;40;24;2;10;3;10;2;47141418
983;2017-10-02;43;26;7;35;21;2;9;0;37000000
984;2017-07-02;44;38;4;31;10;8;10;0;25000000
985;2017-03-02;3;4;15;46;50;5;9;0;17000000
986;2017-01-31;4;17;44;23;3;6;9;1;25000000
987;2017-01-27;17;20;28;45;48;5;9;0;17000000
988;2017-01-24;5;1;23;17;7;3;8;1;88000000
989;2017-01-20;17;10;27;49;31;3;5;0;80000000
990;2017-01-17;43;4;25;16;47;2;10;0;71000000
991;2017-01-13;3;7;16;26;50;4;7;0;61000000
992;2017-10-01;44;29;35;11;2;4;9;0;45000000
993;2017-06-01;10;14;18;21;49;9;11;0;37000000
994;2017-03-01;34;27;49;23;19;1;11;0;25000000
995;2018-12-28;13;16;34;35;45;10;12;0;120363454
996;2018-12-25;4;5;8;31;43;2;9;0;109785346
997;2018-12-21;2;12;15;34;50;3;4;0;102382992
998;2018-12-18;1;9;18;39;48;5;7;0;92347677
999;2018-12-14;12;29;38;42;44;2;12;0;85503050
1000;2018-11-12;4;7;13;23;42;1;3;0;77047465
1001;2018-07-12;11;17;26;37;48;1;10;0;70885902
1002;2018-04-12;21;19;45;20;42;8;9;0;58045709
1003;2018-11-30;3;10;12;23;26;1;12;0;48850310
1004;2018-11-27;4;16;17;18;32;2;11;0;36531328
1005;2018-11-23;25;30;5;26;8;3;10;0;28078913
1006;2018-11-20;6;19;39;45;48;7;12;0;17000000
1007;2018-11-16;9;10;13;28;41;1;12;1;50340148
1008;2018-11-13;2;7;10;13;42;3;6;0;38112925
1009;2018-09-11;14;17;32;37;49;11;12;0;29387682
1010;2018-06-11;14;24;36;40;43;2;9;0;17000000
1011;2018-02-11;5;15;17;37;44;7;11;1;87021202
1012;2018-10-30;44;27;23;17;43;1;12;0;78587093
1013;2018-10-26;5;18;21;31;35;6;9;0;72210652
1014;2018-10-23;1;2;5;21;32;2;12;0;58925021
1015;2018-10-19;1;3;29;47;48;3;12;0;49434483
1016;2018-10-16;15;28;37;40;42;1;6;0;37140191
1017;2018-12-10;4;9;12;31;43;5;8;0;28511487
1018;2018-09-10;3;12;36;44;45;8;11;0;17000000
1019;2018-05-10;8;16;24;26;35;3;11;1;17000000
1020;2018-02-10;7;17;29;37;45;3;11;1;162403002
1021;2018-09-28;2;4;8;27;50;2;9;0;151876472
1022;2018-09-25;6;15;20;30;38;4;7;0;139272150
1023;2018-09-21;5;7;21;25;37;3;4;0;130000000
1024;2018-09-18;3;8;10;32;45;4;12;0;45748295
1025;2018-09-14;1;3;33;40;45;3;4;0;36785881
1026;2018-11-09;9;18;32;38;46;2;3;0;25114954
1027;2018-07-09;50;31;27;4;23;1;8;0;17000000
1028;2018-04-09;5;14;28;30;47;4;11;1;45447459
1029;2018-08-31;4;30;31;38;42;4;6;0;36535987
1030;2018-08-28;4;16;32;42;46;8;12;0;25031511
1031;2018-08-24;3;14;31;36;50;1;12;0;17000000
1032;2018-08-21;16;23;42;43;49;10;12;1;107839228
1033;2018-08-17;2;15;18;24;43;8;12;0;99896146
1034;2018-08-14;1;15;18;25;31;9;11;0;90786197
1035;2018-10-08;18;20;36;43;44;3;9;0;83831487
1036;2018-07-08;16;28;29;30;36;8;10;0;75479227
1037;2018-03-08;7;26;36;38;43;6;12;0;69369394
1038;2018-07-31;20;25;34;42;45;6;11;0;56774958
1039;2018-07-27;11;17;22;23;41;6;11;0;47636023
1040;2018-07-24;2;4;23;39;40;3;9;0;35993507
1041;2018-07-20;2;15;40;43;46;3;6;0;27914266
1042;2018-07-17;4;6;27;48;50;1;11;0;17000000
1043;2018-07-13;1;4;14;21;49;2;12;1;17000000
1044;2018-10-07;3;8;26;33;45;7;10;1;65538512
1045;2018-06-07;8;30;33;38;48;2;10;0;56241097
1046;2018-03-07;1;12;15;29;48;3;5;0;44211419
1047;2018-06-29;15;21;23;40;48;3;12;0;35759659
1048;2018-06-26;15;16;20;34;50;4;7;0;24657714
1049;2018-06-22;14;25;39;41;44;2;8;0;17000000
1050;2018-06-19;7;19;26;42;50;4;9;1;36158964
1051;2018-06-15;23;26;33;38;49;1;12;0;28072727
1052;2018-12-06;7;21;23;36;38;6;8;0;17000000
1053;2018-08-06;8;19;32;43;46;2;8;1;17000000
1054;2018-05-06;9;15;22;39;46;4;5;1;17000000
1055;2018-01-06;17;18;24;29;40;4;5;2;74290358
1056;2018-05-29;6;11;20;38;43;2;4;0;66136267
1057;2018-05-25;13;15;16;28;41;4;5;0;57140617
1058;2018-05-22;1;11;37;41;48;8;12;0;44872308
1059;2018-05-18;5;8;10;13;31;3;6;0;36663314
1060;2018-05-15;4;16;20;31;39;2;12;0;25146151
1061;2018-11-05;3;22;34;49;50;8;11;0;17000000
1062;2018-08-05;17;25;35;39;44;2;5;1;45566998
1063;2018-04-05;6;12;23;39;45;9;12;0;36945285
1064;2018-01-05;6;15;17;42;48;4;6;0;24728362
1065;2018-04-27;12;24;40;41;46;5;12;0;17000000
1066;2018-04-24;20;23;28;30;44;3;7;1;138724202
1067;2018-04-20;3;16;25;39;44;7;11;0;130000000
1068;2018-04-17;15;27;33;39;50;4;6;0;25723280
1069;2018-04-13;5;25;34;48;50;6;7;0;17000000
1070;2018-10-04;14;27;39;46;48;11;12;1;17000000
1071;2018-06-04;1;29;33;45;47;4;8;1;76119641
1072;2018-03-04;3;8;16;40;43;5;8;0;67723106
1073;2018-03-30;12;17;28;35;47;7;11;0;58701125
1074;2018-03-27;17;20;23;40;46;9;10;0;46327391
1075;2018-03-23;5;7;11;46;50;8;11;0;37457698
1076;2018-03-20;26;29;37;39;44;9;11;0;25434576
1077;2018-03-16;4;17;24;27;31;10;11;0;17000000
1078;2018-03-13;9;11;13;33;49;6;12;1;61521581
1079;2018-09-03;9;14;21;32;44;1;12;0;51518629
1080;2018-06-03;15;20;26;31;44;2;9;0;38461489
1081;2018-02-03;2;7;34;45;48;1;12;0;29164811
1082;2018-02-27;3;31;41;48;50;8;11;0;17000000
1083;2018-02-23;18;17;28;47;10;3;7;2;177724496
1084;2018-02-20;6;14;19;25;29;5;11;0;161121640
1085;2018-02-16;10;12;23;32;50;4;10;0;150559073
1086;2018-02-13;10;13;17;21;44;1;10;0;138421493
1087;2018-09-02;22;31;36;38;44;1;11;0;129291731
1088;2018-06-02;8;17;28;34;38;6;12;0;117593590
1089;2018-02-02;14;34;36;39;48;2;3;0;108738581
1090;2018-01-30;11;15;21;27;35;4;5;0;98248326
1091;2018-01-26;6;15;24;28;48;4;9;0;91021687
1092;2018-01-23;5;8;9;23;24;7;8;0;81794527
1093;2018-01-19;3;8;17;44;50;2;7;0;75062595
1094;2018-01-16;20;23;31;34;46;3;12;0;61162041
1095;2018-12-01;13;21;23;30;45;4;6;0;51154443
1096;2018-09-01;6;12;15;38;49;2;9;0;37933940
1097;2018-05-01;2;5;20;38;41;4;8;0;28911186
1098;2018-02-01;10;20;21;28;48;1;8;0;17000000
1099;2019-12-31;26;31;33;41;48;2;4;0;52720345
1100;2019-12-27;1;7;22;26;35;5;10;0;38682870
1101;2019-12-24;3;11;13;14;47;3;6;0;27481033
1102;2019-12-20;8;24;30;32;34;3;4;0;17000000
1103;2019-12-17;1;7;12;25;49;6;9;1;48949099
1104;2019-12-13;9;16;18;23;32;2;10;0;39409788
1105;2019-10-12;2;10;19;21;47;2;8;0;25800035
1106;2019-06-12;1;3;27;39;46;1;10;0;17000000
1107;2019-03-12;18;31;32;38;48;4;12;1;48061132
1108;2019-11-29;3;7;12;42;50;6;8;0;38399547
1109;2019-11-26;2;3;15;19;34;5;8;0;25884845
1110;2019-11-22;3;21;32;34;48;3;11;0;17000000
1111;2019-11-19;8;10;15;30;42;4;6;1;122766852
1112;2019-11-15;3;13;20;32;34;4;11;0;114675404
1113;2019-12-11;1;21;23;25;39;2;4;0;104800336
1114;2019-08-11;8;17;20;23;45;2;8;0;97372165
1115;2019-05-11;9;14;25;33;48;2;12;0;87082433
1116;2019-01-11;2;20;39;44;48;5;7;0;80266472
1117;2019-10-29;16;18;28;42;49;5;10;0;72065538
1118;2019-10-25;34;37;39;40;50;4;10;0;61669532
1119;2019-10-22;2;5;32;33;47;7;8;0;48515733
1120;2019-10-18;8;18;22;41;42;11;12;0;38860931
1121;2019-10-15;3;28;31;32;34;4;5;0;26357631
1122;2019-11-10;2;14;19;42;45;5;6;0;17000000
1123;2019-08-10;7;10;15;44;49;3;12;1;190000000
1124;2019-04-10;6;9;35;41;44;6;9;0;190000000
1125;2019-01-10;2;11;18;40;46;1;4;0;190000000
1126;2019-09-27;24;37;41;43;46;2;8;0;190000000
1127;2019-09-24;2;33;42;47;48;1;2;0;190000000
1128;2019-09-20;8;21;25;38;50;4;8;0;189603734
1129;2019-09-17;22;45;43;44;37;1;12;0;175143429
1130;2019-09-13;1;12;27;42;47;6;7;0;164055006
1131;2019-10-09;3;22;25;30;49;3;6;0;149857027
1132;2019-06-09;10;13;22;40;48;2;5;0;139970283
1133;2019-03-09;7;11;38;39;44;7;10;0;128170100
1134;2019-08-30;25;27;45;46;49;4;6;0;119176433
1135;2019-08-27;8;26;35;43;47;1;9;0;108433046
1136;2019-08-23;4;17;35;42;45;2;8;0;100840609
1137;2019-08-20;20;22;23;24;37;1;4;0;91270047
1138;2019-08-16;9;10;27;37;42;1;5;0;84510207
1139;2019-08-13;13;29;31;33;40;2;3;0;76458286
1140;2019-09-08;2;14;35;41;42;10;11;0;70120308
1141;2019-06-08;12;13;29;36;38;4;12;0;57394563
1142;2019-02-08;13;22;33;44;50;2;5;0;48088964
1143;2019-07-30;15;20;23;27;40;3;6;0;36345090
1144;2019-07-26;2;5;27;37;42;3;10;0;27844950
1145;2019-07-23;1;14;19;23;38;3;7;0;17000000
1146;2019-07-19;13;14;17;26;28;2;7;1;107683454
1147;2019-07-16;5;13;18;39;3;8;7;0;97518039
1148;2019-12-07;2;31;39;45;47;4;8;0;90471737
1149;2019-09-07;7;29;32;36;41;6;7;0;81747157
1150;2019-05-07;2;9;20;34;42;6;9;0;75229368
1151;2019-02-07;19;44;11;29;45;12;8;0;67120223
1152;2019-06-28;1;3;16;33;49;2;11;0;57532742
1153;2019-06-25;6;26;27;34;46;1;9;0;45289917
1154;2019-06-21;5;8;9;25;39;3;7;0;36686125
1155;2019-06-18;12;24;37;40;44;3;7;0;25307673
1156;2019-06-14;1;13;30;31;39;2;7;0;17000000
1157;2019-11-06;25;27;39;42;46;11;12;1;138716863
1158;2019-07-06;1;4;16;20;34;2;5;0;130000000
1159;2019-04-06;31;32;9;39;41;8;2;0;25380126
1160;2019-05-31;1;23;24;26;35;1;11;0;17000000
1161;2019-05-28;7;19;20;28;29;1;5;2;65353668
1162;2019-05-24;5;16;23;30;49;6;7;0;56397248
1163;2019-05-21;32;33;34;39;47;8;12;0;44599323
1164;2019-05-17;16;28;42;43;45;6;7;0;36088260
1165;2019-05-14;10;14;17;25;50;2;10;0;24956872
1166;2019-10-05;1;4;27;45;48;1;7;0;17000000
1167;2019-07-05;7;20;26;32;47;2;11;1;25024461
1168;2019-03-05;2;9;20;27;43;5;6;0;17000000
1169;2019-04-30;5;12;20;26;48;2;11;1;25326022
1170;2019-04-26;33;35;50;47;14;11;9;0;17000000
1171;2019-04-23;18;23;27;42;44;2;7;1;44153561
1172;2019-04-19;7;8;32;41;49;5;11;0;36104655
1173;2019-04-16;1;8;15;44;49;2;11;0;25270377
1174;2019-12-04;1;28;35;36;46;6;9;0;17000000
1175;2019-09-04;18;21;29;38;41;1;11;1;79149373
1176;2019-05-04;7;45;10;1;29;5;3;0;72846386
1177;2019-02-04;9;26;16;2;36;6;7;0;59503555
1178;2019-03-29;13;23;26;32;47;6;10;0;49918767
1179;2019-03-26;12;19;23;43;47;2;6;0;37479115
1180;2019-03-22;4;17;26;30;43;6;11;0;28719145
1181;2019-03-19;1;6;9;34;47;7;12;0;17000000
1182;2019-03-15;46;24;42;15;3;12;9;1;83410540
1183;2019-12-03;5;7;13;19;31;2;9;0;74349024
1184;2019-08-03;17;18;19;24;40;4;8;0;63920702
1185;2019-05-03;6;10;16;39;46;8;11;0;50394785
1186;2019-01-03;6;9;19;26;31;11;12;0;40737694
1187;2019-02-26;3;15;29;35;47;3;4;0;25879457
1188;2019-02-22;3;27;29;33;50;3;7;0;17000000
1189;2019-02-19;1;8;18;19;39;7;9;1;175475380
1190;2019-02-15;15;27;34;38;49;2;10;0;164624365
1191;2019-12-02;6;34;36;41;50;1;5;0;151629098
1192;2019-08-02;11;12;13;39;46;7;10;0;141607621
1193;2019-05-02;14;25;31;37;43;2;3;0;129262876
1194;2019-01-02;3;21;26;41;46;1;6;0;120000000
1195;2019-01-29;14;24;26;32;39;3;8;0;85646002
1196;2019-01-25;1;6;13;15;16;6;10;0;78799794
1197;2019-01-22;9;23;29;41;49;8;10;0;70256484
1198;2019-01-18;5;6;16;30;46;5;10;0;60264632
1199;2019-01-15;33;22;35;25;29;3;6;0;47436060
1200;2019-11-01;1;19;31;39;48;1;6;0;38040648
1201;2019-08-01;3;19;22;31;32;2;11;0;25825451
1202;2019-04-01;7;11;19;27;37;6;10;0;17000000
1203;2019-01-01;1;8;11;25;28;4;6;1;129645665
1204;2020-12-29;7;32;39;40;45;3;8;0;28138113
1205;2020-12-25;16;21;27;30;32;3;5;0;17000000
1206;2020-12-22;2;10;16;42;50;4;11;1;43704037
1207;2020-12-18;2;3;13;17;21;7;8;0;31733127
1208;2020-12-15;9;13;21;29;35;1;2;0;17000000
1209;2020-11-12;6;9;13;24;41;3;12;1;200000000
1210;2020-08-12;1;4;21;24;46;2;12;0;200000000
1211;2020-04-12;14;20;27;34;38;1;11;0;200000000
1212;2020-01-12;14;20;29;47;49;4;12;0;178983729
1213;2020-11-27;2;5;8;14;16;8;9;0;163105527
1214;2020-11-24;25;33;38;42;50;8;12;0;144228546
1215;2020-11-20;28;29;39;48;50;5;7;0;130000000
1216;2020-11-17;16;19;25;30;44;2;6;0;77412811
1217;2020-11-13;1;5;17;28;31;1;10;0;67599950
1218;2020-10-11;3;19;29;32;38;5;12;0;50553655
1219;2020-06-11;7;12;37;40;50;1;2;0;39829739
1220;2020-03-11;5;7;18;20;30;6;7;0;26511570
1221;2020-10-30;12;16;20;21;28;3;9;0;17000000
1222;2020-10-27;13;15;28;32;44;3;12;1;87757466
1223;2020-10-23;10;15;19;21;23;3;12;0;77965255
1224;2020-10-20;5;6;15;37;42;3;4;0;65338543
1225;2020-10-16;15;33;38;40;50;3;6;0;54453448
1226;2020-10-13;5;14;38;41;46;1;10;0;40315607
1227;2020-09-10;11;15;35;41;50;5;8;0;30301316
1228;2020-06-10;4;21;36;41;47;9;11;0;17000000
1229;2020-02-10;6;12;15;40;45;3;9;1;30627859
1230;2020-09-29;4;14;16;41;44;11;12;0;17000000
1231;2020-09-25;19;23;34;37;45;1;7;1;130000000
1232;2020-09-22;16;25;28;39;40;1;6;0;77251357
1233;2020-09-18;2;10;19;25;45;1;7;0;67276035
1234;2020-09-15;16;20;25;30;38;6;8;0;51364535
1235;2020-11-09;34;38;42;43;45;9;12;0;40532810
1236;2020-08-09;2;9;31;35;41;9;12;0;27031840
1237;2020-04-09;6;22;29;40;43;4;7;0;17000000
1238;2020-01-09;4;8;10;33;46;8;11;1;157170843
1239;2020-08-28;7;12;16;17;31;7;9;0;142306851
1240;2020-08-25;18;37;39;30;7;10;8;0;125020060
1241;2020-08-21;10;15;35;44;50;3;5;0;111858946
1242;2020-08-18;6;12;17;34;42;5;12;0;96747721
1243;2020-08-14;9;10;19;42;49;4;12;0;86162555
1244;2020-11-08;8;13;14;42;50;3;9;0;73494414
1245;2020-07-08;5;20;21;36;41;6;11;0;64058391
1246;2020-04-08;42;2;5;1;15;8;5;0;49112673
1247;2020-07-31;21;24;30;46;49;2;5;0;38953665
1248;2020-07-28;9;13;15;17;34;2;7;0;26261754
1249;2020-07-24;8;9;27;28;50;4;12;0;17000000
1250;2020-07-21;14;15;24;29;42;2;4;1;49564587
1251;2020-07-17;7;15;27;41;43;7;9;0;39348808
1252;2020-07-14;11;22;30;37;47;9;10;0;26440749
1253;2020-10-07;15;17;23;30;38;2;7;0;17000000
1254;2020-07-07;12;16;23;33;41;8;10;1;144542315
1255;2020-03-07;4;16;27;37;39;3;6;0;130000000
1256;2020-06-30;1;6;11;28;42;2;10;0;62297693
1257;2020-06-26;1;10;12;21;26;5;11;0;51471751
1258;2020-06-23;19;46;49;12;2;8;1;0;38429546
1259;2020-06-19;5;14;19;24;43;3;11;0;29065639
1260;2020-06-16;4;9;11;17;39;2;10;0;17000000
1261;2020-12-06;2;24;39;45;46;4;8;1;51583717
1262;2020-09-06;5;15;27;36;46;2;8;0;38666415
1263;2020-05-06;5;11;17;24;37;3;6;0;29131137
1264;2020-02-06;10;12;22;26;49;7;11;0;17000000
1265;2020-05-29;4;8;11;19;46;4;8;1;17000000
1266;2020-05-26;4;9;14;21;27;4;6;2;37143480
1267;2020-05-22;3;18;22;27;32;2;7;0;28245446
1268;2020-05-19;5;25;32;37;43;6;7;0;17000000
1269;2020-05-15;11;23;32;34;39;1;6;1;72969058
1270;2020-12-05;9;16;29;37;39;4;11;0;63861474
1271;2020-08-05;8;25;32;33;38;7;9;0;57015368
1272;2020-05-05;2;10;22;27;41;2;3;0;48838406
1273;2020-01-05;47;20;19;45;38;2;6;0;41201741
1274;2020-04-28;15;23;26;28;32;1;5;0;32299012
1275;2020-04-24;1;5;19;21;28;4;7;0;25497940
1276;2020-04-21;10;11;14;23;28;6;8;0;17000000
1277;2020-04-17;16;28;32;37;45;1;11;1;67188313
1278;2020-04-14;6;29;34;35;40;4;11;0;59184725
1279;2020-10-04;3;10;17;33;39;1;4;0;53434751
1280;2020-07-04;4;5;14;33;48;7;12;0;45796215
1281;2020-03-04;16;19;34;46;50;2;6;0;39141320
1282;2020-03-31;12;17;24;30;36;1;9;0;30777246
1283;2020-03-27;11;14;27;41;46;2;3;0;24704307
1284;2020-03-24;7;12;26;30;33;10;11;0;17000000
1285;2020-03-20;40;9;20;34;3;6;12;1;17000000
1286;2020-03-17;5;7;8;16;20;2;12;1;63600033
1287;2020-03-13;3;11;21;27;36;9;10;0;55850379
1288;2020-10-03;11;23;30;37;43;5;12;0;40555593
1289;2020-06-03;15;38;43;45;46;1;11;0;30399605
1290;2020-03-03;4;14;27;44;45;1;10;0;17000000
1291;2020-02-28;8;11;20;22;23;3;4;1;67084644
1292;2020-02-25;1;4;18;27;42;4;6;0;51940006
1293;2020-02-21;7;23;30;32;45;5;9;0;41085850
1294;2020-02-18;11;32;34;38;47;2;10;0;27039366
1295;2020-02-14;5;20;35;41;49;6;10;0;17000000
1296;2020-11-02;24;26;32;43;46;6;10;1;17000000
1297;2020-07-02;9;15;17;25;40;3;9;1;130000000
1298;2020-04-02;21;23;33;35;47;6;7;0;40857417
1299;2020-01-31;13;18;20;23;30;2;4;0;28934315
1300;2020-01-28;1;19;27;31;38;4;5;0;17000000
1301;2020-01-24;3;4;6;9;24;5;8;1;28601720
1302;2020-01-21;10;11;24;36;46;3;5;0;17000000
1303;2020-01-17;8;19;20;29;44;3;8;1;100779289
1304;2020-01-14;21;25;29;39;44;8;9;0;91228644
1305;2020-10-01;6;17;32;44;46;2;6;0;84145912
1306;2020-07-01;5;8;12;37;43;6;11;0;75337663
1307;2020-03-01;5;15;20;36;47;8;12;0;64992459
1308;2021-02-02;18;20;35;38;48;9;12;0;41721143
1309;2021-01-29;1;5;27;36;42;1;6;0;30681161
1310;2021-01-26;5;7;25;37;40;2;8;0;17000000
1311;2021-01-22;8;16;42;44;47;6;7;1;80566353
1312;2021-01-19;25;27;31;35;43;5;6;0;67733808
1313;2021-01-15;4;10;27;38;40;3;11;0;56331898
1314;2021-12-01;2;10;18;34;35;6;9;0;41607178
1315;2021-08-01;18;23;37;41;42;4;6;0;30824040
1316;2021-05-01;12;34;37;38;42;1;3;0;17000000
1317;2021-12-05 17:44:52.570000+00:00;1;34;2;13;50;1;12;0
1318;2021-12-05 17:44:52.570000+00:00;1;34;2;13;50;1;12;0
1319;2021-12-05 17:44:52.570000+00:00;1;34;2;13;50;1;12;0
1320;2021-12-05 17:44:52.570000+00:00;1;34;2;13;50;1;12;0
1321;2021-12-05 17:44:52.570000+00:00;1;34;2;13;50;1;12;0
1322;2021-12-05 17:44:52.570000+00:00;1;34;2;13;50;1;12;0
1323;2021-12-05 17:44:52.570000+00:00;1;34;2;13;50;1;12;0
1324;2021-12-05 17:44:52.570000+00:00;1;34;2;13;50;1;12;0
1325;2021-12-05 17:44:52.570000+00:00;1;34;2;13;50;1;12;0
1326;2021-12-05 17:44:52.570000+00:00;1;34;2;13;50;1;12;0
1327;2021-12-05 17:44:52.570000+00:00;1;34;2;13;50;1;12;0
1328;2021-12-05 17:44:52.570000+00:00;1;34;2;13;50;1;12;0
1329;2021-12-05 17:44:52.570000+00:00;1;34;2;13;50;1;12;0
1330;2021-12-05 17:44:52.570000+00:00;1;34;2;13;50;1;12;0
1331;2021-12-05 17:44:52.570000+00:00;1;34;2;13;50;1;12;0
1332;2021-12-05 17:44:52.570000+00:00;1;34;2;13;50;1;12;0
1333;2021-12-05 17:44:52.570000+00:00;1;34;2;13;50;1;12;0
1334;2021-12-05 17:44:52.570000+00:00;1;34;2;13;50;1;12;0
1335;2021-12-05 17:44:52.570000+00:00;1;34;2;13;50;1;12;0
1336;2021-12-05 17:44:52.570000+00:00;1;34;2;13;50;1;12;0
1337;2021-12-05 17:44:52.570000+00:00;1;34;2;13;50;1;12;0
1338;2021-12-05 17:44:52.570000+00:00;1;34;2;13;50;1;12;0
1339;2021-12-05 17:44:52.570000+00:00;1;34;2;13;50;1;12;0
1340;2021-12-09 15:10:59.232000+00:00;1;34;2;13;50;1;12;0
1341;2021-12-09 15:58:07.845000+00:00;1;34;2;13;50;1;12;0
1342;2021-12-09 15:58:07.845000+00:00;1;34;2;13;50;1;12;0
1343;2021-12-09 16:20:23.318000+00:00;1;34;2;13;50;1;12;0
1344;2021-12-09 16:20:23.318000+00:00;1;34;2;13;50;1;12;0
1345;2021-12-18 15:09:03.289000+00:00;1;34;2;13;50;1;12;0
1346;2021-12-18 15:09:03.289000+00:00;1;34;2;13;50;1;12;0
1347;2021-12-18 15:09:03.289000+00:00;1;10;2;13;50;1;12;0
